Order_ID,Date,Product,Category,Quantity,Unit_Price,Total,Sales_Rep,Region,Client_ID
ORD-0001,2025-06-10,Souris gamer,Accessoires,3,411.55,1234.65,Emma Petit,Nouvelle-Aquitaine,CLT-125
ORD-0002,2025-02-25,Sac à dos,Accessoires,5,137.08,685.4,Clara Moreau,Auvergne-Rhône-Alpes,CLT-266
ORD-0003,2024-09-06,Sac à dos,Accessoires,1,112.86,112.86,Bruno Dubois,Hauts-de-France,CLT-115
ORD-0004,2024-10-16,"Tablette 10""",Téléphonie,2,236.3,472.6,David Leroy,Auvergne-Rhône-Alpes,CLT-262
ORD-0005,2025-04-09,Souris gamer,Accessoires,5,379.92,1899.6,Emma Petit,Auvergne-Rhône-Alpes,CLT-012
ORD-0006,2024-09-30,Sac à dos,Accessoires,1,132.94,132.94,David Leroy,Nouvelle-Aquitaine,CLT-080
ORD-0007,2025-06-04,"Portable 15""",Ordinateurs,3,134.77,404.31,Alice Martin,Occitanie,CLT-101
ORD-0008,2025-03-16,Souris gamer,Accessoires,3,81.09,243.27,David Leroy,Occitanie,CLT-073
ORD-0009,2024-09-22,Cartouche d'encre,Fournitures,3,274.55,823.65,Clara Moreau,Nouvelle-Aquitaine,CLT-134
ORD-0010,2024-11-09,Smartphone X,Téléphonie,2,454.15,908.3,Clara Moreau,Île-de-France,CLT-202
ORD-0011,2025-07-23,Smartphone X,Téléphonie,2,281.15,562.3,Alice Martin,Hauts-de-France,CLT-189
ORD-0012,2025-02-08,"Portable 15""",Ordinateurs,2,451.74,903.48,Clara Moreau,Occitanie,CLT-105
ORD-0013,2024-12-29,"Portable 15""",Ordinateurs,3,198.95,596.85,David Leroy,Nouvelle-Aquitaine,CLT-016
ORD-0014,2025-04-07,"Portable 15""",Ordinateurs,5,297.7,1488.5,Alice Martin,Île-de-France,CLT-091
ORD-0015,2024-12-18,Clavier mécanique,Accessoires,2,51.73,103.46,Alice Martin,Hauts-de-France,CLT-287
ORD-0016,2024-11-09,"Portable 15""",Ordinateurs,4,440.93,1763.72,Clara Moreau,Île-de-France,CLT-081
ORD-0017,2025-02-14,"Portable 15""",Ordinateurs,3,247.85,743.55,Alice Martin,Île-de-France,CLT-224
ORD-0018,2025-03-11,"Écran 24""",Écrans,4,45.53,182.12,Bruno Dubois,Hauts-de-France,CLT-001
ORD-0019,2025-07-02,"Tablette 10""",Téléphonie,1,335.86,335.86,Clara Moreau,Île-de-France,CLT-234
ORD-0020,2024-07-31,"Écran 24""",Écrans,1,423.09,423.09,Alice Martin,Île-de-France,CLT-283
ORD-0021,2024-07-23,Clavier mécanique,Accessoires,4,443.45,1773.8,David Leroy,Nouvelle-Aquitaine,CLT-242
ORD-0022,2025-02-26,Sac à dos,Accessoires,2,335.28,670.56,Clara Moreau,Nouvelle-Aquitaine,CLT-229
ORD-0023,2025-05-31,"Portable 15""",Ordinateurs,4,233.14,932.56,Alice Martin,Occitanie,CLT-094
ORD-0024,2025-02-08,"Écran 24""",Écrans,1,384.86,384.86,Emma Petit,Occitanie,CLT-215
ORD-0025,2024-12-01,Sac à dos,Accessoires,5,437.63,2188.15,Emma Petit,Hauts-de-France,CLT-243
ORD-0026,2025-05-02,"Tablette 10""",Téléphonie,3,256.23,768.69,Alice Martin,Nouvelle-Aquitaine,CLT-080
ORD-0027,2024-08-06,"Portable 15""",Ordinateurs,1,344.33,344.33,Alice Martin,Nouvelle-Aquitaine,CLT-031
ORD-0028,2025-07-08,Smartphone X,Téléphonie,4,459.58,1838.32,David Leroy,Auvergne-Rhône-Alpes,CLT-156
ORD-0029,2024-10-31,Casque audio,Audio,4,458.96,1835.84,Emma Petit,Hauts-de-France,CLT-063
ORD-0030,2024-11-21,Souris gamer,Accessoires,2,140.54,281.08,Bruno Dubois,Île-de-France,CLT-221
ORD-0031,2024-09-09,Smartphone X,Téléphonie,5,376.48,1882.4,Bruno Dubois,Hauts-de-France,CLT-020
ORD-0032,2025-05-22,Smartphone X,Téléphonie,2,441.16,882.32,Clara Moreau,Occitanie,CLT-276
ORD-0033,2025-01-17,Clavier mécanique,Accessoires,5,466.97,2334.85,Bruno Dubois,Auvergne-Rhône-Alpes,CLT-038
ORD-0034,2024-12-31,Cartouche d'encre,Fournitures,1,431.02,431.02,Emma Petit,Hauts-de-France,CLT-056
ORD-0035,2025-05-18,"Portable 15""",Ordinateurs,2,423.47,846.94,Alice Martin,Hauts-de-France,CLT-295
ORD-0036,2024-08-28,Sac à dos,Accessoires,1,413.03,413.03,Clara Moreau,Île-de-France,CLT-052
ORD-0037,2024-09-14,"Tablette 10""",Téléphonie,4,37.9,151.6,David Leroy,Hauts-de-France,CLT-293
ORD-0038,2025-05-29,Cartouche d'encre,Fournitures,1,475.13,475.13,Emma Petit,Île-de-France,CLT-043
ORD-0039,2024-09-11,Smartphone X,Téléphonie,2,299.54,599.08,Clara Moreau,Nouvelle-Aquitaine,CLT-100
ORD-0040,2025-06-17,"Tablette 10""",Téléphonie,1,334.53,334.53,Clara Moreau,Hauts-de-France,CLT-184
ORD-0041,2024-10-24,"Tablette 10""",Téléphonie,2,442.27,884.54,Clara Moreau,Hauts-de-France,CLT-297
ORD-0042,2024-12-19,Webcam HD,Accessoires,4,155.38,621.52,Alice Martin,Hauts-de-France,CLT-008
ORD-0043,2025-02-04,Casque audio,Audio,2,499.37,998.74,Alice Martin,Nouvelle-Aquitaine,CLT-281
ORD-0044,2024-11-25,"Écran 24""",Écrans,2,106.55,213.1,Alice Martin,Hauts-de-France,CLT-053
ORD-0045,2024-09-11,Webcam HD,Accessoires,5,193.15,965.75,Alice Martin,Hauts-de-France,CLT-202
ORD-0046,2024-09-03,Smartphone X,Téléphonie,4,179.47,717.88,Bruno Dubois,Île-de-France,CLT-178
ORD-0047,2025-07-02,Casque audio,Audio,4,92.73,370.92,David Leroy,Hauts-de-France,CLT-212
ORD-0048,2024-09-24,Casque audio,Audio,5,397.82,1989.1,Alice Martin,Nouvelle-Aquitaine,CLT-075
ORD-0049,2025-02-14,"Écran 24""",Écrans,4,331.61,1326.44,Bruno Dubois,Hauts-de-France,CLT-164
ORD-0050,2024-12-06,Webcam HD,Accessoires,3,342.5,1027.5,Emma Petit,Hauts-de-France,CLT-277
ORD-0051,2024-10-31,Souris gamer,Accessoires,4,217.98,871.92,Clara Moreau,Occitanie,CLT-193
ORD-0052,2025-03-22,Smartphone X,Téléphonie,1,473.13,473.13,Alice Martin,Occitanie,CLT-182
ORD-0053,2024-12-12,Sac à dos,Accessoires,4,490.86,1963.44,Bruno Dubois,Hauts-de-France,CLT-131
ORD-0054,2025-07-10,"Tablette 10""",Téléphonie,3,396.81,1190.43,Emma Petit,Île-de-France,CLT-274
ORD-0055,2025-05-01,Webcam HD,Accessoires,1,462.62,462.62,Clara Moreau,Auvergne-Rhône-Alpes,CLT-294
ORD-0056,2024-09-14,Souris gamer,Accessoires,4,200.13,800.52,Alice Martin,Auvergne-Rhône-Alpes,CLT-181
ORD-0057,2025-02-20,Sac à dos,Accessoires,4,435.76,1743.04,Emma Petit,Auvergne-Rhône-Alpes,CLT-122
ORD-0058,2025-05-23,"Écran 24""",Écrans,2,303.87,607.74,Emma Petit,Occitanie,CLT-252
ORD-0059,2025-02-18,"Tablette 10""",Téléphonie,1,394.99,394.99,Alice Martin,Auvergne-Rhône-Alpes,CLT-189
ORD-0060,2025-03-11,"Écran 24""",Écrans,5,350.34,1751.7,Bruno Dubois,Occitanie,CLT-221
ORD-0061,2024-10-22,"Tablette 10""",Téléphonie,4,291.83,1167.32,Alice Martin,Auvergne-Rhône-Alpes,CLT-240
ORD-0062,2025-02-10,Casque audio,Audio,5,291.3,1456.5,Clara Moreau,Île-de-France,CLT-145
ORD-0063,2025-02-12,"Portable 15""",Ordinateurs,1,422.03,422.03,Bruno Dubois,Auvergne-Rhône-Alpes,CLT-011
ORD-0064,2024-12-22,Casque audio,Audio,2,190.39,380.78,Emma Petit,Occitanie,CLT-208
ORD-0065,2024-09-11,Clavier mécanique,Accessoires,3,264.12,792.36,Bruno Dubois,Hauts-de-France,CLT-057
ORD-0066,2024-10-07,Smartphone X,Téléphonie,5,272.5,1362.5,Clara Moreau,Auvergne-Rhône-Alpes,CLT-128
ORD-0067,2025-06-14,Sac à dos,Accessoires,5,257.85,1289.25,Bruno Dubois,Nouvelle-Aquitaine,CLT-258
ORD-0068,2025-02-03,"Tablette 10""",Téléphonie,5,222.85,1114.25,Bruno Dubois,Auvergne-Rhône-Alpes,CLT-229
ORD-0069,2025-01-19,Cartouche d'encre,Fournitures,3,435.63,1306.89,Alice Martin,Occitanie,CLT-287
ORD-0070,2024-09-22,Clavier mécanique,Accessoires,2,391.67,783.34,Emma Petit,Nouvelle-Aquitaine,CLT-142
ORD-0071,2024-12-13,Sac à dos,Accessoires,2,92.27,184.54,Bruno Dubois,Île-de-France,CLT-038
ORD-0072,2024-08-30,"Écran 24""",Écrans,3,307.88,923.64,Alice Martin,Hauts-de-France,CLT-103
ORD-0073,2024-08-12,"Portable 15""",Ordinateurs,5,269.55,1347.75,Clara Moreau,Hauts-de-France,CLT-105
ORD-0074,2025-07-21,Sac à dos,Accessoires,5,267.27,1336.35,Bruno Dubois,Île-de-France,CLT-262
ORD-0075,2024-11-27,Cartouche d'encre,Fournitures,3,61.22,183.66,David Leroy,Auvergne-Rhône-Alpes,CLT-115
ORD-0076,2025-05-14,Souris gamer,Accessoires,3,304.91,914.73,Bruno Dubois,Occitanie,CLT-061
ORD-0077,2024-08-01,Sac à dos,Accessoires,3,462.19,1386.57,Bruno Dubois,Île-de-France,CLT-061
ORD-0078,2024-09-19,Souris gamer,Accessoires,1,335.21,335.21,Bruno Dubois,Île-de-France,CLT-243
ORD-0079,2025-01-22,"Portable 15""",Ordinateurs,2,114.04,228.08,Clara Moreau,Île-de-France,CLT-175
ORD-0080,2024-08-11,"Portable 15""",Ordinateurs,1,370.69,370.69,Clara Moreau,Nouvelle-Aquitaine,CLT-157
ORD-0081,2025-04-30,Cartouche d'encre,Fournitures,2,404.97,809.94,Bruno Dubois,Nouvelle-Aquitaine,CLT-047
ORD-0082,2025-07-08,"Portable 15""",Ordinateurs,2,432.16,864.32,Bruno Dubois,Île-de-France,CLT-086
ORD-0083,2025-07-15,Sac à dos,Accessoires,5,416.13,2080.65,Bruno Dubois,Auvergne-Rhône-Alpes,CLT-032
ORD-0084,2025-01-21,Sac à dos,Accessoires,5,471.18,2355.9,Alice Martin,Nouvelle-Aquitaine,CLT-045
ORD-0085,2025-07-15,Cartouche d'encre,Fournitures,2,456.72,913.44,Alice Martin,Nouvelle-Aquitaine,CLT-212
ORD-0086,2024-09-18,"Portable 15""",Ordinateurs,2,403.42,806.84,Clara Moreau,Auvergne-Rhône-Alpes,CLT-235
ORD-0087,2024-09-16,Webcam HD,Accessoires,5,63.07,315.35,Emma Petit,Auvergne-Rhône-Alpes,CLT-122
ORD-0088,2025-05-16,Sac à dos,Accessoires,1,248.24,248.24,Clara Moreau,Auvergne-Rhône-Alpes,CLT-118
ORD-0089,2025-02-27,Sac à dos,Accessoires,5,402.6,2013.0,Clara Moreau,Nouvelle-Aquitaine,CLT-138
ORD-0090,2025-01-18,Souris gamer,Accessoires,3,59.3,177.9,Emma Petit,Nouvelle-Aquitaine,CLT-099
ORD-0091,2025-03-16,Sac à dos,Accessoires,2,384.14,768.28,Emma Petit,Occitanie,CLT-020
ORD-0092,2024-10-07,Smartphone X,Téléphonie,5,190.35,951.75,Alice Martin,Occitanie,CLT-190
ORD-0093,2025-05-30,Souris gamer,Accessoires,1,131.8,131.8,David Leroy,Occitanie,CLT-171
ORD-0094,2024-09-06,Souris gamer,Accessoires,3,499.93,1499.79,Clara Moreau,Île-de-France,CLT-148
ORD-0095,2025-02-13,Souris gamer,Accessoires,3,63.8,191.4,Clara Moreau,Hauts-de-France,CLT-224
ORD-0096,2024-10-10,Clavier mécanique,Accessoires,3,300.68,902.04,Bruno Dubois,Occitanie,CLT-005
ORD-0097,2025-03-13,"Tablette 10""",Téléphonie,3,499.54,1498.62,Bruno Dubois,Occitanie,CLT-292
ORD-0098,2025-02-05,Casque audio,Audio,4,216.84,867.36,Bruno Dubois,Auvergne-Rhône-Alpes,CLT-204
ORD-0099,2024-07-25,"Tablette 10""",Téléphonie,3,297.57,892.71,Bruno Dubois,Nouvelle-Aquitaine,CLT-263
ORD-0100,2024-11-12,Smartphone X,Téléphonie,1,395.01,395.01,Bruno Dubois,Île-de-France,CLT-107
ORD-0101,2025-06-02,Smartphone X,Téléphonie,4,196.03,784.12,Clara Moreau,Nouvelle-Aquitaine,CLT-109
ORD-0102,2024-10-18,"Portable 15""",Ordinateurs,1,441.19,441.19,Clara Moreau,Hauts-de-France,CLT-069
ORD-0103,2025-03-23,"Écran 24""",Écrans,2,53.64,107.28,Alice Martin,Nouvelle-Aquitaine,CLT-203
ORD-0104,2025-06-19,Sac à dos,Accessoires,5,364.33,1821.65,Clara Moreau,Île-de-France,CLT-043
ORD-0105,2024-08-02,Sac à dos,Accessoires,1,373.68,373.68,Clara Moreau,Île-de-France,CLT-267
ORD-0106,2025-03-02,"Écran 24""",Écrans,5,221.16,1105.8,Clara Moreau,Hauts-de-France,CLT-107
ORD-0107,2024-08-15,Cartouche d'encre,Fournitures,2,255.75,511.5,David Leroy,Hauts-de-France,CLT-202
ORD-0108,2025-01-19,Sac à dos,Accessoires,2,57.63,115.26,Clara Moreau,Occitanie,CLT-117
ORD-0109,2025-05-09,Souris gamer,Accessoires,4,123.34,493.36,Bruno Dubois,Hauts-de-France,CLT-012
ORD-0110,2025-03-08,Souris gamer,Accessoires,2,157.53,315.06,David Leroy,Hauts-de-France,CLT-168
ORD-0111,2025-03-19,"Écran 24""",Écrans,2,80.83,161.66,David Leroy,Hauts-de-France,CLT-238
ORD-0112,2024-08-03,Cartouche d'encre,Fournitures,3,300.26,900.78,Alice Martin,Île-de-France,CLT-282
ORD-0113,2024-12-08,"Tablette 10""",Téléphonie,1,113.97,113.97,Clara Moreau,Auvergne-Rhône-Alpes,CLT-095
ORD-0114,2025-01-01,"Écran 24""",Écrans,1,475.64,475.64,Bruno Dubois,Nouvelle-Aquitaine,CLT-152
ORD-0115,2025-04-02,"Portable 15""",Ordinateurs,3,335.84,1007.52,Bruno Dubois,Île-de-France,CLT-259
ORD-0116,2024-08-19,Cartouche d'encre,Fournitures,3,210.7,632.1,Bruno Dubois,Nouvelle-Aquitaine,CLT-179
ORD-0117,2025-02-18,Souris gamer,Accessoires,1,81.2,81.2,Alice Martin,Île-de-France,CLT-264
ORD-0118,2024-07-30,Clavier mécanique,Accessoires,5,29.11,145.55,Emma Petit,Hauts-de-France,CLT-026
ORD-0119,2025-03-30,"Portable 15""",Ordinateurs,2,110.07,220.14,Clara Moreau,Nouvelle-Aquitaine,CLT-299
ORD-0120,2025-04-01,Webcam HD,Accessoires,4,86.13,344.52,Alice Martin,Auvergne-Rhône-Alpes,CLT-089
ORD-0121,2025-07-16,"Tablette 10""",Téléphonie,1,468.8,468.8,Alice Martin,Île-de-France,CLT-152
ORD-0122,2025-07-05,Cartouche d'encre,Fournitures,4,80.38,321.52,Emma Petit,Nouvelle-Aquitaine,CLT-269
ORD-0123,2024-11-03,Cartouche d'encre,Fournitures,1,34.71,34.71,Bruno Dubois,Hauts-de-France,CLT-240
ORD-0124,2024-08-02,"Tablette 10""",Téléphonie,1,479.13,479.13,Bruno Dubois,Occitanie,CLT-098
ORD-0125,2025-06-15,Webcam HD,Accessoires,4,183.32,733.28,Alice Martin,Hauts-de-France,CLT-010
ORD-0126,2024-09-20,"Écran 24""",Écrans,5,49.62,248.1,Emma Petit,Occitanie,CLT-200
ORD-0127,2024-11-12,Smartphone X,Téléphonie,3,408.63,1225.89,Emma Petit,Île-de-France,CLT-120
ORD-0128,2024-08-24,"Tablette 10""",Téléphonie,5,434.86,2174.3,Alice Martin,Île-de-France,CLT-057
ORD-0129,2025-01-23,"Écran 24""",Écrans,5,355.85,1779.25,Bruno Dubois,Auvergne-Rhône-Alpes,CLT-069
ORD-0130,2025-02-22,Clavier mécanique,Accessoires,2,300.56,601.12,Emma Petit,Hauts-de-France,CLT-196
ORD-0131,2025-04-22,Souris gamer,Accessoires,1,466.85,466.85,Bruno Dubois,Auvergne-Rhône-Alpes,CLT-207
ORD-0132,2024-08-10,"Écran 24""",Écrans,3,331.4,994.2,Emma Petit,Île-de-France,CLT-066
ORD-0133,2025-03-01,Webcam HD,Accessoires,4,496.0,1984.0,David Leroy,Nouvelle-Aquitaine,CLT-227
ORD-0134,2024-12-20,Casque audio,Audio,3,422.55,1267.65,Alice Martin,Hauts-de-France,CLT-131
ORD-0135,2025-01-13,Sac à dos,Accessoires,3,214.34,643.02,David Leroy,Île-de-France,CLT-162
ORD-0136,2025-03-16,Smartphone X,Téléphonie,3,395.27,1185.81,David Leroy,Île-de-France,CLT-039
ORD-0137,2025-07-06,Sac à dos,Accessoires,3,304.22,912.66,David Leroy,Auvergne-Rhône-Alpes,CLT-277
ORD-0138,2025-01-06,Smartphone X,Téléphonie,3,462.86,1388.58,David Leroy,Auvergne-Rhône-Alpes,CLT-162
ORD-0139,2025-02-13,Souris gamer,Accessoires,3,162.38,487.14,Bruno Dubois,Auvergne-Rhône-Alpes,CLT-027
ORD-0140,2025-06-28,Cartouche d'encre,Fournitures,1,39.82,39.82,Clara Moreau,Hauts-de-France,CLT-127
ORD-0141,2024-10-08,Smartphone X,Téléphonie,3,316.96,950.88,Alice Martin,Occitanie,CLT-075
ORD-0142,2025-02-02,Webcam HD,Accessoires,2,181.2,362.4,David Leroy,Occitanie,CLT-182
ORD-0143,2025-05-23,"Écran 24""",Écrans,2,300.87,601.74,Emma Petit,Hauts-de-France,CLT-222
ORD-0144,2025-02-15,"Portable 15""",Ordinateurs,3,26.81,80.43,Emma Petit,Hauts-de-France,CLT-191
ORD-0145,2024-08-09,Casque audio,Audio,4,138.11,552.44,Clara Moreau,Occitanie,CLT-085
ORD-0146,2024-11-10,Clavier mécanique,Accessoires,3,135.09,405.27,Bruno Dubois,Hauts-de-France,CLT-021
ORD-0147,2025-02-13,"Portable 15""",Ordinateurs,4,329.33,1317.32,David Leroy,Occitanie,CLT-008
ORD-0148,2024-07-31,Webcam HD,Accessoires,5,486.47,2432.35,Alice Martin,Nouvelle-Aquitaine,CLT-211
ORD-0149,2025-01-06,Cartouche d'encre,Fournitures,2,254.49,508.98,Emma Petit,Nouvelle-Aquitaine,CLT-050
ORD-0150,2025-04-18,"Tablette 10""",Téléphonie,5,21.42,107.1,Emma Petit,Occitanie,CLT-117
ORD-0151,2024-09-24,"Écran 24""",Écrans,4,107.92,431.68,Clara Moreau,Auvergne-Rhône-Alpes,CLT-113
ORD-0152,2025-05-06,Clavier mécanique,Accessoires,4,331.57,1326.28,Bruno Dubois,Île-de-France,CLT-247
ORD-0153,2025-07-05,Souris gamer,Accessoires,3,87.39,262.17,Emma Petit,Île-de-France,CLT-199
ORD-0154,2025-02-28,"Portable 15""",Ordinateurs,4,332.4,1329.6,David Leroy,Auvergne-Rhône-Alpes,CLT-092
ORD-0155,2025-03-20,Casque audio,Audio,1,236.14,236.14,Clara Moreau,Occitanie,CLT-005
ORD-0156,2025-02-01,"Tablette 10""",Téléphonie,1,456.22,456.22,Bruno Dubois,Île-de-France,CLT-300
ORD-0157,2024-08-07,Casque audio,Audio,4,65.76,263.04,Emma Petit,Hauts-de-France,CLT-251
ORD-0158,2025-03-01,Smartphone X,Téléphonie,5,390.42,1952.1,Clara Moreau,Auvergne-Rhône-Alpes,CLT-240
ORD-0159,2025-06-02,Smartphone X,Téléphonie,4,150.21,600.84,David Leroy,Auvergne-Rhône-Alpes,CLT-007
ORD-0160,2025-02-02,"Tablette 10""",Téléphonie,2,161.71,323.42,Bruno Dubois,Nouvelle-Aquitaine,CLT-228
ORD-0161,2025-01-15,"Tablette 10""",Téléphonie,1,331.4,331.4,David Leroy,Hauts-de-France,CLT-239
ORD-0162,2024-12-11,Smartphone X,Téléphonie,1,125.89,125.89,Emma Petit,Hauts-de-France,CLT-222
ORD-0163,2024-12-06,Souris gamer,Accessoires,5,220.55,1102.75,Emma Petit,Auvergne-Rhône-Alpes,CLT-061
ORD-0164,2025-05-02,Clavier mécanique,Accessoires,5,375.7,1878.5,Emma Petit,Île-de-France,CLT-232
ORD-0165,2024-09-25,"Portable 15""",Ordinateurs,4,46.0,184.0,Alice Martin,Île-de-France,CLT-188
ORD-0166,2025-02-11,"Écran 24""",Écrans,5,144.6,723.0,Alice Martin,Occitanie,CLT-107
ORD-0167,2025-01-05,"Tablette 10""",Téléphonie,2,67.43,134.86,Bruno Dubois,Occitanie,CLT-209
ORD-0168,2025-05-19,Casque audio,Audio,3,112.12,336.36,David Leroy,Occitanie,CLT-188
ORD-0169,2025-04-09,Cartouche d'encre,Fournitures,5,58.43,292.15,Alice Martin,Île-de-France,CLT-243
ORD-0170,2024-08-10,Clavier mécanique,Accessoires,5,308.25,1541.25,David Leroy,Auvergne-Rhône-Alpes,CLT-028
ORD-0171,2025-01-10,"Écran 24""",Écrans,5,378.96,1894.8,Emma Petit,Occitanie,CLT-154
ORD-0172,2025-01-04,Smartphone X,Téléphonie,1,348.1,348.1,Emma Petit,Hauts-de-France,CLT-060
ORD-0173,2025-05-28,Clavier mécanique,Accessoires,5,300.79,1503.95,Emma Petit,Île-de-France,CLT-058
ORD-0174,2024-08-25,"Tablette 10""",Téléphonie,4,56.31,225.24,Alice Martin,Occitanie,CLT-185
ORD-0175,2024-09-16,Cartouche d'encre,Fournitures,5,395.83,1979.15,Alice Martin,Occitanie,CLT-084
ORD-0176,2025-06-10,"Écran 24""",Écrans,2,169.85,339.7,Bruno Dubois,Nouvelle-Aquitaine,CLT-063
ORD-0177,2025-05-15,Casque audio,Audio,1,366.4,366.4,Bruno Dubois,Île-de-France,CLT-105
ORD-0178,2024-09-11,"Portable 15""",Ordinateurs,1,401.81,401.81,Bruno Dubois,Hauts-de-France,CLT-120
ORD-0179,2025-04-22,Cartouche d'encre,Fournitures,2,483.72,967.44,Bruno Dubois,Nouvelle-Aquitaine,CLT-047
ORD-0180,2024-09-07,Webcam HD,Accessoires,2,479.51,959.02,David Leroy,Hauts-de-France,CLT-145
ORD-0181,2024-07-23,"Portable 15""",Ordinateurs,3,290.28,870.84,Alice Martin,Occitanie,CLT-094
ORD-0182,2025-03-31,"Portable 15""",Ordinateurs,5,393.98,1969.9,Bruno Dubois,Nouvelle-Aquitaine,CLT-104
ORD-0183,2024-11-12,Smartphone X,Téléphonie,3,151.94,455.82,David Leroy,Hauts-de-France,CLT-297
ORD-0184,2024-08-26,"Tablette 10""",Téléphonie,5,468.63,2343.15,Clara Moreau,Auvergne-Rhône-Alpes,CLT-259
ORD-0185,2025-03-16,"Portable 15""",Ordinateurs,3,248.97,746.91,Emma Petit,Nouvelle-Aquitaine,CLT-246
ORD-0186,2024-08-07,Clavier mécanique,Accessoires,5,377.93,1889.65,Emma Petit,Île-de-France,CLT-199
ORD-0187,2025-02-11,Clavier mécanique,Accessoires,4,305.09,1220.36,Clara Moreau,Hauts-de-France,CLT-056
ORD-0188,2025-01-25,Sac à dos,Accessoires,3,36.9,110.7,David Leroy,Île-de-France,CLT-180
ORD-0189,2024-10-04,Souris gamer,Accessoires,3,138.02,414.06,Bruno Dubois,Hauts-de-France,CLT-209
ORD-0190,2024-09-07,Casque audio,Audio,3,338.77,1016.31,David Leroy,Hauts-de-France,CLT-105
ORD-0191,2024-09-30,Webcam HD,Accessoires,5,119.37,596.85,Emma Petit,Hauts-de-France,CLT-084
ORD-0192,2024-08-02,Sac à dos,Accessoires,3,115.32,345.96,David Leroy,Auvergne-Rhône-Alpes,CLT-070
ORD-0193,2025-07-20,Cartouche d'encre,Fournitures,5,46.22,231.1,Alice Martin,Nouvelle-Aquitaine,CLT-095
ORD-0194,2024-11-02,Souris gamer,Accessoires,2,458.01,916.02,David Leroy,Île-de-France,CLT-208
ORD-0195,2025-02-25,Souris gamer,Accessoires,1,233.37,233.37,Alice Martin,Île-de-France,CLT-107
ORD-0196,2024-10-21,Sac à dos,Accessoires,5,100.18,500.9,Bruno Dubois,Hauts-de-France,CLT-219
ORD-0197,2025-02-09,Clavier mécanique,Accessoires,4,371.3,1485.2,Alice Martin,Auvergne-Rhône-Alpes,CLT-269
ORD-0198,2025-05-29,Souris gamer,Accessoires,2,116.53,233.06,David Leroy,Hauts-de-France,CLT-102
ORD-0199,2024-07-26,Souris gamer,Accessoires,1,149.38,149.38,Emma Petit,Nouvelle-Aquitaine,CLT-223
ORD-0200,2025-05-19,Smartphone X,Téléphonie,3,54.66,163.98,Alice Martin,Auvergne-Rhône-Alpes,CLT-066
ORD-0201,2024-11-13,"Tablette 10""",Téléphonie,4,483.4,1933.6,David Leroy,Île-de-France,CLT-018
ORD-0202,2024-08-20,"Écran 24""",Écrans,4,320.56,1282.24,Clara Moreau,Hauts-de-France,CLT-004
ORD-0203,2024-11-30,Webcam HD,Accessoires,5,34.37,171.85,Emma Petit,Île-de-France,CLT-235
ORD-0204,2025-01-21,Webcam HD,Accessoires,2,437.79,875.58,Alice Martin,Occitanie,CLT-142
ORD-0205,2024-08-24,Casque audio,Audio,2,128.6,257.2,Bruno Dubois,Occitanie,CLT-261
ORD-0206,2025-03-12,Souris gamer,Accessoires,2,121.35,242.7,Bruno Dubois,Occitanie,CLT-117
ORD-0207,2025-04-24,Smartphone X,Téléphonie,1,36.83,36.83,Bruno Dubois,Hauts-de-France,CLT-296
ORD-0208,2025-04-10,Souris gamer,Accessoires,1,303.99,303.99,Bruno Dubois,Occitanie,CLT-275
ORD-0209,2024-09-11,Casque audio,Audio,3,137.22,411.66,David Leroy,Occitanie,CLT-035
ORD-0210,2025-04-18,"Portable 15""",Ordinateurs,1,311.77,311.77,David Leroy,Île-de-France,CLT-223
ORD-0211,2025-04-17,"Tablette 10""",Téléphonie,2,474.89,949.78,Emma Petit,Nouvelle-Aquitaine,CLT-289
ORD-0212,2025-01-30,Clavier mécanique,Accessoires,5,392.9,1964.5,David Leroy,Auvergne-Rhône-Alpes,CLT-191
ORD-0213,2024-08-13,Souris gamer,Accessoires,2,29.11,58.22,Emma Petit,Hauts-de-France,CLT-135
ORD-0214,2025-04-07,Cartouche d'encre,Fournitures,1,292.3,292.3,Emma Petit,Île-de-France,CLT-139
ORD-0215,2025-06-03,Clavier mécanique,Accessoires,5,332.04,1660.2,Clara Moreau,Occitanie,CLT-016
ORD-0216,2025-01-26,Cartouche d'encre,Fournitures,1,157.13,157.13,Clara Moreau,Île-de-France,CLT-165
ORD-0217,2024-12-27,"Écran 24""",Écrans,5,98.34,491.7,Emma Petit,Auvergne-Rhône-Alpes,CLT-270
ORD-0218,2025-06-16,Smartphone X,Téléphonie,1,111.99,111.99,Alice Martin,Île-de-France,CLT-287
ORD-0219,2025-07-04,Sac à dos,Accessoires,2,289.62,579.24,Emma Petit,Auvergne-Rhône-Alpes,CLT-293
ORD-0220,2025-04-29,Cartouche d'encre,Fournitures,1,325.84,325.84,Bruno Dubois,Île-de-France,CLT-022
ORD-0221,2025-04-06,Smartphone X,Téléphonie,5,309.12,1545.6,Clara Moreau,Île-de-France,CLT-215
ORD-0222,2025-05-04,Cartouche d'encre,Fournitures,1,103.03,103.03,Alice Martin,Île-de-France,CLT-162
ORD-0223,2025-01-04,Souris gamer,Accessoires,3,74.15,222.45,Clara Moreau,Auvergne-Rhône-Alpes,CLT-094
ORD-0224,2025-02-22,"Tablette 10""",Téléphonie,5,51.17,255.85,Emma Petit,Occitanie,CLT-076
ORD-0225,2025-03-21,"Écran 24""",Écrans,1,387.65,387.65,Alice Martin,Nouvelle-Aquitaine,CLT-231
ORD-0226,2025-06-02,"Tablette 10""",Téléphonie,2,340.7,681.4,Emma Petit,Hauts-de-France,CLT-088
ORD-0227,2024-10-17,Cartouche d'encre,Fournitures,4,223.32,893.28,Clara Moreau,Nouvelle-Aquitaine,CLT-164
ORD-0228,2025-04-27,Webcam HD,Accessoires,4,191.16,764.64,David Leroy,Hauts-de-France,CLT-106
ORD-0229,2025-05-26,Cartouche d'encre,Fournitures,5,470.08,2350.4,David Leroy,Occitanie,CLT-167
ORD-0230,2024-11-22,Webcam HD,Accessoires,1,361.84,361.84,Clara Moreau,Île-de-France,CLT-136
ORD-0231,2024-09-08,"Écran 24""",Écrans,1,184.1,184.1,David Leroy,Occitanie,CLT-271
ORD-0232,2024-09-27,Clavier mécanique,Accessoires,3,360.19,1080.57,Clara Moreau,Occitanie,CLT-062
ORD-0233,2025-07-16,Smartphone X,Téléphonie,4,184.27,737.08,Alice Martin,Nouvelle-Aquitaine,CLT-124
ORD-0234,2024-11-09,Webcam HD,Accessoires,4,233.42,933.68,Alice Martin,Occitanie,CLT-009
ORD-0235,2024-07-30,Clavier mécanique,Accessoires,1,235.03,235.03,Bruno Dubois,Auvergne-Rhône-Alpes,CLT-001
ORD-0236,2024-11-07,Webcam HD,Accessoires,1,65.16,65.16,Alice Martin,Nouvelle-Aquitaine,CLT-149
ORD-0237,2025-05-14,"Tablette 10""",Téléphonie,5,418.41,2092.05,Emma Petit,Hauts-de-France,CLT-189
ORD-0238,2024-08-16,"Tablette 10""",Téléphonie,2,443.02,886.04,Clara Moreau,Île-de-France,CLT-076
ORD-0239,2025-07-02,"Portable 15""",Ordinateurs,3,425.58,1276.74,Bruno Dubois,Auvergne-Rhône-Alpes,CLT-156
ORD-0240,2025-07-21,"Écran 24""",Écrans,4,380.01,1520.04,Emma Petit,Hauts-de-France,CLT-284
ORD-0241,2025-01-16,"Portable 15""",Ordinateurs,5,184.6,923.0,David Leroy,Hauts-de-France,CLT-260
ORD-0242,2025-01-09,Cartouche d'encre,Fournitures,5,91.59,457.95,Emma Petit,Auvergne-Rhône-Alpes,CLT-215
ORD-0243,2024-08-03,"Portable 15""",Ordinateurs,3,302.06,906.18,Emma Petit,Auvergne-Rhône-Alpes,CLT-071
ORD-0244,2024-12-07,"Écran 24""",Écrans,1,400.53,400.53,Alice Martin,Hauts-de-France,CLT-261
ORD-0245,2024-08-27,Webcam HD,Accessoires,2,283.3,566.6,Clara Moreau,Hauts-de-France,CLT-021
ORD-0246,2024-12-01,"Écran 24""",Écrans,3,112.64,337.92,Bruno Dubois,Occitanie,CLT-119
ORD-0247,2025-01-04,"Écran 24""",Écrans,3,492.62,1477.86,Bruno Dubois,Hauts-de-France,CLT-193
ORD-0248,2025-02-22,"Portable 15""",Ordinateurs,4,472.46,1889.84,Alice Martin,Auvergne-Rhône-Alpes,CLT-143
ORD-0249,2025-03-05,"Portable 15""",Ordinateurs,1,38.73,38.73,Bruno Dubois,Nouvelle-Aquitaine,CLT-001
ORD-0250,2024-11-14,Smartphone X,Téléphonie,1,360.0,360.0,Bruno Dubois,Auvergne-Rhône-Alpes,CLT-188
ORD-0251,2025-04-11,Casque audio,Audio,3,280.26,840.78,Emma Petit,Occitanie,CLT-056
ORD-0252,2025-03-30,Webcam HD,Accessoires,4,153.71,614.84,Bruno Dubois,Auvergne-Rhône-Alpes,CLT-139
ORD-0253,2025-02-08,Casque audio,Audio,1,234.55,234.55,Alice Martin,Nouvelle-Aquitaine,CLT-088
ORD-0254,2024-09-03,"Écran 24""",Écrans,4,265.45,1061.8,Emma Petit,Île-de-France,CLT-270
ORD-0255,2024-12-30,Casque audio,Audio,4,290.29,1161.16,Bruno Dubois,Hauts-de-France,CLT-266
ORD-0256,2025-04-05,Casque audio,Audio,2,173.54,347.08,Bruno Dubois,Auvergne-Rhône-Alpes,CLT-097
ORD-0257,2024-09-11,Cartouche d'encre,Fournitures,1,349.4,349.4,Emma Petit,Île-de-France,CLT-026
ORD-0258,2025-06-23,Smartphone X,Téléphonie,5,287.59,1437.95,David Leroy,Nouvelle-Aquitaine,CLT-225
ORD-0259,2025-03-19,Cartouche d'encre,Fournitures,3,490.57,1471.71,David Leroy,Occitanie,CLT-233
ORD-0260,2025-05-30,Webcam HD,Accessoires,2,227.1,454.2,Emma Petit,Hauts-de-France,CLT-267
ORD-0261,2025-03-01,"Tablette 10""",Téléphonie,2,199.92,399.84,Clara Moreau,Auvergne-Rhône-Alpes,CLT-050
ORD-0262,2025-05-15,"Écran 24""",Écrans,1,170.7,170.7,David Leroy,Île-de-France,CLT-261
ORD-0263,2024-12-10,"Portable 15""",Ordinateurs,3,457.48,1372.44,Emma Petit,Hauts-de-France,CLT-067
ORD-0264,2024-12-15,Webcam HD,Accessoires,1,461.75,461.75,Emma Petit,Hauts-de-France,CLT-102
ORD-0265,2025-01-06,"Portable 15""",Ordinateurs,5,483.86,2419.3,David Leroy,Nouvelle-Aquitaine,CLT-286
ORD-0266,2025-01-05,Casque audio,Audio,1,121.97,121.97,Alice Martin,Nouvelle-Aquitaine,CLT-047
ORD-0267,2025-02-21,Casque audio,Audio,5,346.44,1732.2,Emma Petit,Nouvelle-Aquitaine,CLT-297
ORD-0268,2024-12-01,Clavier mécanique,Accessoires,1,65.07,65.07,David Leroy,Occitanie,CLT-253
ORD-0269,2024-11-15,Sac à dos,Accessoires,4,385.44,1541.76,Bruno Dubois,Hauts-de-France,CLT-138
ORD-0270,2024-11-28,Webcam HD,Accessoires,2,284.5,569.0,Emma Petit,Auvergne-Rhône-Alpes,CLT-178
ORD-0271,2025-03-02,Souris gamer,Accessoires,1,21.48,21.48,Emma Petit,Île-de-France,CLT-072
ORD-0272,2025-04-25,"Tablette 10""",Téléphonie,1,310.38,310.38,Bruno Dubois,Nouvelle-Aquitaine,CLT-035
ORD-0273,2024-07-24,"Écran 24""",Écrans,3,317.02,951.06,Emma Petit,Nouvelle-Aquitaine,CLT-023
ORD-0274,2024-11-18,"Écran 24""",Écrans,1,131.91,131.91,Clara Moreau,Occitanie,CLT-078
ORD-0275,2025-02-20,Webcam HD,Accessoires,2,47.72,95.44,David Leroy,Auvergne-Rhône-Alpes,CLT-028
ORD-0276,2025-05-17,Cartouche d'encre,Fournitures,3,374.56,1123.68,David Leroy,Auvergne-Rhône-Alpes,CLT-075
ORD-0277,2025-06-13,Smartphone X,Téléphonie,1,358.75,358.75,Emma Petit,Île-de-France,CLT-151
ORD-0278,2025-06-18,Smartphone X,Téléphonie,4,257.9,1031.6,Alice Martin,Nouvelle-Aquitaine,CLT-077
ORD-0279,2024-11-26,Casque audio,Audio,4,451.23,1804.92,Bruno Dubois,Occitanie,CLT-218
ORD-0280,2025-07-14,Cartouche d'encre,Fournitures,1,433.08,433.08,Alice Martin,Nouvelle-Aquitaine,CLT-151
ORD-0281,2025-06-15,Sac à dos,Accessoires,1,314.08,314.08,Bruno Dubois,Occitanie,CLT-192
ORD-0282,2024-08-04,Sac à dos,Accessoires,4,169.06,676.24,Bruno Dubois,Nouvelle-Aquitaine,CLT-135
ORD-0283,2024-10-20,Smartphone X,Téléphonie,4,472.86,1891.44,Bruno Dubois,Hauts-de-France,CLT-055
ORD-0284,2025-02-09,Sac à dos,Accessoires,2,475.42,950.84,Emma Petit,Île-de-France,CLT-292
ORD-0285,2025-02-25,"Portable 15""",Ordinateurs,5,150.88,754.4,Bruno Dubois,Auvergne-Rhône-Alpes,CLT-028
ORD-0286,2024-08-04,Casque audio,Audio,1,400.13,400.13,Emma Petit,Nouvelle-Aquitaine,CLT-142
ORD-0287,2025-03-11,Webcam HD,Accessoires,2,208.89,417.78,Emma Petit,Auvergne-Rhône-Alpes,CLT-152
ORD-0288,2024-12-28,Smartphone X,Téléphonie,5,120.48,602.4,Clara Moreau,Hauts-de-France,CLT-145
ORD-0289,2025-02-09,Sac à dos,Accessoires,3,103.33,309.99,Emma Petit,Occitanie,CLT-175
ORD-0290,2024-08-06,"Portable 15""",Ordinateurs,3,128.61,385.83,Clara Moreau,Auvergne-Rhône-Alpes,CLT-037
ORD-0291,2024-08-22,Souris gamer,Accessoires,5,46.3,231.5,Emma Petit,Nouvelle-Aquitaine,CLT-045
ORD-0292,2025-05-26,"Portable 15""",Ordinateurs,4,62.38,249.52,Emma Petit,Occitanie,CLT-128
ORD-0293,2024-12-24,Casque audio,Audio,4,372.91,1491.64,Alice Martin,Île-de-France,CLT-111
ORD-0294,2025-03-23,Casque audio,Audio,5,158.7,793.5,David Leroy,Nouvelle-Aquitaine,CLT-096
ORD-0295,2025-05-01,"Portable 15""",Ordinateurs,4,377.58,1510.32,Emma Petit,Île-de-France,CLT-160
ORD-0296,2024-08-02,Souris gamer,Accessoires,1,116.7,116.7,Alice Martin,Hauts-de-France,CLT-081
ORD-0297,2025-04-10,Webcam HD,Accessoires,3,222.97,668.91,David Leroy,Hauts-de-France,CLT-280
ORD-0298,2024-10-08,"Tablette 10""",Téléphonie,5,344.7,1723.5,Clara Moreau,Auvergne-Rhône-Alpes,CLT-008
ORD-0299,2024-10-27,"Portable 15""",Ordinateurs,2,99.33,198.66,David Leroy,Auvergne-Rhône-Alpes,CLT-145
ORD-0300,2024-10-31,Webcam HD,Accessoires,4,208.76,835.04,David Leroy,Nouvelle-Aquitaine,CLT-277
ORD-0301,2025-03-13,Webcam HD,Accessoires,3,189.56,568.68,David Leroy,Hauts-de-France,CLT-065
ORD-0302,2025-03-30,"Portable 15""",Ordinateurs,5,314.24,1571.2,David Leroy,Nouvelle-Aquitaine,CLT-269
ORD-0303,2025-01-11,Cartouche d'encre,Fournitures,2,252.79,505.58,Emma Petit,Île-de-France,CLT-040
ORD-0304,2024-09-03,"Tablette 10""",Téléphonie,5,274.07,1370.35,Alice Martin,Hauts-de-France,CLT-091
ORD-0305,2024-07-25,"Portable 15""",Ordinateurs,2,98.0,196.0,Alice Martin,Hauts-de-France,CLT-268
ORD-0306,2024-09-10,Sac à dos,Accessoires,2,170.8,341.6,Alice Martin,Hauts-de-France,CLT-093
ORD-0307,2025-05-13,"Tablette 10""",Téléphonie,5,188.0,940.0,Alice Martin,Nouvelle-Aquitaine,CLT-277
ORD-0308,2025-01-25,Sac à dos,Accessoires,5,137.74,688.7,Bruno Dubois,Hauts-de-France,CLT-097
ORD-0309,2025-05-10,Casque audio,Audio,5,351.89,1759.45,Bruno Dubois,Nouvelle-Aquitaine,CLT-025
ORD-0310,2024-09-20,Cartouche d'encre,Fournitures,1,68.81,68.81,Alice Martin,Nouvelle-Aquitaine,CLT-166
ORD-0311,2025-04-26,Casque audio,Audio,5,314.72,1573.6,Clara Moreau,Hauts-de-France,CLT-092
ORD-0312,2025-06-27,Souris gamer,Accessoires,3,40.56,121.68,David Leroy,Hauts-de-France,CLT-053
ORD-0313,2025-03-12,"Portable 15""",Ordinateurs,1,152.7,152.7,Emma Petit,Occitanie,CLT-212
ORD-0314,2025-01-04,Souris gamer,Accessoires,5,41.83,209.15,Bruno Dubois,Hauts-de-France,CLT-259
ORD-0315,2024-12-17,"Tablette 10""",Téléphonie,1,239.35,239.35,Bruno Dubois,Occitanie,CLT-007
ORD-0316,2024-11-09,Smartphone X,Téléphonie,3,389.26,1167.78,David Leroy,Nouvelle-Aquitaine,CLT-206
ORD-0317,2025-06-14,"Écran 24""",Écrans,4,86.45,345.8,Alice Martin,Auvergne-Rhône-Alpes,CLT-107
ORD-0318,2025-01-21,Souris gamer,Accessoires,3,352.86,1058.58,Bruno Dubois,Nouvelle-Aquitaine,CLT-165
ORD-0319,2025-01-25,"Portable 15""",Ordinateurs,5,468.14,2340.7,Emma Petit,Occitanie,CLT-051
ORD-0320,2025-06-07,Webcam HD,Accessoires,1,343.33,343.33,David Leroy,Hauts-de-France,CLT-168
ORD-0321,2025-01-30,"Écran 24""",Écrans,1,473.08,473.08,Bruno Dubois,Nouvelle-Aquitaine,CLT-274
ORD-0322,2025-01-08,"Portable 15""",Ordinateurs,2,304.19,608.38,Bruno Dubois,Occitanie,CLT-240
ORD-0323,2024-09-06,"Tablette 10""",Téléphonie,3,316.32,948.96,Alice Martin,Nouvelle-Aquitaine,CLT-006
ORD-0324,2025-05-08,"Écran 24""",Écrans,2,293.89,587.78,Clara Moreau,Île-de-France,CLT-192
ORD-0325,2025-03-27,"Portable 15""",Ordinateurs,1,173.98,173.98,David Leroy,Occitanie,CLT-047
ORD-0326,2025-06-29,Souris gamer,Accessoires,3,382.28,1146.84,David Leroy,Occitanie,CLT-243
ORD-0327,2024-09-07,"Écran 24""",Écrans,5,208.47,1042.35,David Leroy,Nouvelle-Aquitaine,CLT-129
ORD-0328,2025-07-03,Cartouche d'encre,Fournitures,3,312.27,936.81,Clara Moreau,Nouvelle-Aquitaine,CLT-126
ORD-0329,2025-02-06,"Tablette 10""",Téléphonie,2,43.89,87.78,Clara Moreau,Auvergne-Rhône-Alpes,CLT-056
ORD-0330,2024-07-25,"Tablette 10""",Téléphonie,2,470.62,941.24,Bruno Dubois,Hauts-de-France,CLT-234
ORD-0331,2025-01-04,"Tablette 10""",Téléphonie,4,456.16,1824.64,David Leroy,Occitanie,CLT-268
ORD-0332,2025-07-02,Clavier mécanique,Accessoires,5,429.01,2145.05,David Leroy,Hauts-de-France,CLT-150
ORD-0333,2025-05-14,Casque audio,Audio,1,153.27,153.27,Emma Petit,Hauts-de-France,CLT-099
ORD-0334,2025-07-01,"Écran 24""",Écrans,2,243.26,486.52,Alice Martin,Nouvelle-Aquitaine,CLT-090
ORD-0335,2024-10-23,Sac à dos,Accessoires,2,181.38,362.76,Bruno Dubois,Île-de-France,CLT-080
ORD-0336,2024-07-27,Casque audio,Audio,3,215.14,645.42,Alice Martin,Hauts-de-France,CLT-117
ORD-0337,2024-08-29,Smartphone X,Téléphonie,3,366.62,1099.86,Bruno Dubois,Occitanie,CLT-186
ORD-0338,2025-04-24,Webcam HD,Accessoires,5,428.56,2142.8,Alice Martin,Île-de-France,CLT-143
ORD-0339,2024-08-10,Clavier mécanique,Accessoires,4,97.87,391.48,Bruno Dubois,Nouvelle-Aquitaine,CLT-246
ORD-0340,2025-03-06,Cartouche d'encre,Fournitures,5,140.15,700.75,David Leroy,Hauts-de-France,CLT-297
ORD-0341,2025-01-07,Sac à dos,Accessoires,1,499.22,499.22,Emma Petit,Occitanie,CLT-065
ORD-0342,2025-05-18,Casque audio,Audio,4,293.56,1174.24,Alice Martin,Île-de-France,CLT-176
ORD-0343,2025-03-08,Smartphone X,Téléphonie,1,242.89,242.89,Emma Petit,Île-de-France,CLT-166
ORD-0344,2024-10-27,Cartouche d'encre,Fournitures,5,482.3,2411.5,Bruno Dubois,Hauts-de-France,CLT-175
ORD-0345,2024-08-30,Webcam HD,Accessoires,1,307.9,307.9,Clara Moreau,Auvergne-Rhône-Alpes,CLT-192
ORD-0346,2025-05-09,Sac à dos,Accessoires,3,486.0,1458.0,David Leroy,Auvergne-Rhône-Alpes,CLT-236
ORD-0347,2024-12-03,Souris gamer,Accessoires,3,484.71,1454.13,Bruno Dubois,Occitanie,CLT-003
ORD-0348,2024-11-01,Casque audio,Audio,2,201.11,402.22,Bruno Dubois,Auvergne-Rhône-Alpes,CLT-094
ORD-0349,2024-12-29,"Tablette 10""",Téléphonie,2,257.91,515.82,Emma Petit,Île-de-France,CLT-053
ORD-0350,2024-08-31,"Portable 15""",Ordinateurs,5,279.57,1397.85,David Leroy,Hauts-de-France,CLT-017
ORD-0351,2025-01-02,"Portable 15""",Ordinateurs,5,120.83,604.15,Clara Moreau,Occitanie,CLT-063
ORD-0352,2025-05-28,Smartphone X,Téléphonie,3,119.5,358.5,Clara Moreau,Nouvelle-Aquitaine,CLT-168
ORD-0353,2025-03-15,Clavier mécanique,Accessoires,1,350.54,350.54,David Leroy,Auvergne-Rhône-Alpes,CLT-121
ORD-0354,2025-01-05,"Portable 15""",Ordinateurs,1,115.15,115.15,Clara Moreau,Hauts-de-France,CLT-144
ORD-0355,2024-10-11,Souris gamer,Accessoires,5,285.99,1429.95,Alice Martin,Auvergne-Rhône-Alpes,CLT-065
ORD-0356,2024-09-30,Smartphone X,Téléphonie,5,405.39,2026.95,Alice Martin,Occitanie,CLT-201
ORD-0357,2024-12-26,"Tablette 10""",Téléphonie,1,253.36,253.36,Emma Petit,Île-de-France,CLT-230
ORD-0358,2024-08-12,Sac à dos,Accessoires,2,113.18,226.36,Alice Martin,Auvergne-Rhône-Alpes,CLT-207
ORD-0359,2025-06-15,"Écran 24""",Écrans,5,439.54,2197.7,Clara Moreau,Île-de-France,CLT-180
ORD-0360,2024-11-13,Sac à dos,Accessoires,5,115.1,575.5,Clara Moreau,Île-de-France,CLT-253
ORD-0361,2025-06-05,Sac à dos,Accessoires,1,158.63,158.63,Alice Martin,Nouvelle-Aquitaine,CLT-165
ORD-0362,2025-05-18,Smartphone X,Téléphonie,1,420.91,420.91,Bruno Dubois,Nouvelle-Aquitaine,CLT-184
ORD-0363,2025-01-19,"Portable 15""",Ordinateurs,3,136.04,408.12,David Leroy,Île-de-France,CLT-244
ORD-0364,2024-11-22,Casque audio,Audio,1,137.49,137.49,Alice Martin,Auvergne-Rhône-Alpes,CLT-228
ORD-0365,2025-04-12,Souris gamer,Accessoires,3,439.02,1317.06,Clara Moreau,Hauts-de-France,CLT-273
ORD-0366,2025-01-26,Souris gamer,Accessoires,5,48.17,240.85,Emma Petit,Auvergne-Rhône-Alpes,CLT-029
ORD-0367,2025-04-05,Sac à dos,Accessoires,5,164.4,822.0,Bruno Dubois,Occitanie,CLT-259
ORD-0368,2024-07-30,Souris gamer,Accessoires,3,321.48,964.44,Bruno Dubois,Nouvelle-Aquitaine,CLT-192
ORD-0369,2025-04-01,"Portable 15""",Ordinateurs,3,442.28,1326.84,Emma Petit,Auvergne-Rhône-Alpes,CLT-023
ORD-0370,2024-10-20,Webcam HD,Accessoires,1,320.41,320.41,Clara Moreau,Hauts-de-France,CLT-104
ORD-0371,2024-11-14,Webcam HD,Accessoires,2,89.63,179.26,Clara Moreau,Auvergne-Rhône-Alpes,CLT-173
ORD-0372,2025-02-22,"Portable 15""",Ordinateurs,3,499.69,1499.07,David Leroy,Occitanie,CLT-268
ORD-0373,2025-07-08,Smartphone X,Téléphonie,2,431.15,862.3,Emma Petit,Hauts-de-France,CLT-022
ORD-0374,2025-03-30,"Écran 24""",Écrans,1,376.99,376.99,Clara Moreau,Occitanie,CLT-174
ORD-0375,2024-07-23,"Tablette 10""",Téléphonie,2,375.85,751.7,Alice Martin,Auvergne-Rhône-Alpes,CLT-249
ORD-0376,2024-12-23,Webcam HD,Accessoires,3,484.99,1454.97,Clara Moreau,Occitanie,CLT-005
ORD-0377,2024-12-23,"Portable 15""",Ordinateurs,4,124.97,499.88,Bruno Dubois,Nouvelle-Aquitaine,CLT-166
ORD-0378,2025-06-29,"Portable 15""",Ordinateurs,5,384.28,1921.4,David Leroy,Île-de-France,CLT-021
ORD-0379,2025-07-04,Clavier mécanique,Accessoires,2,397.38,794.76,David Leroy,Auvergne-Rhône-Alpes,CLT-153
ORD-0380,2024-09-08,"Écran 24""",Écrans,1,151.12,151.12,Clara Moreau,Hauts-de-France,CLT-087
ORD-0381,2024-09-20,"Tablette 10""",Téléphonie,4,203.83,815.32,Emma Petit,Auvergne-Rhône-Alpes,CLT-088
ORD-0382,2024-08-26,"Tablette 10""",Téléphonie,1,299.03,299.03,Emma Petit,Auvergne-Rhône-Alpes,CLT-069
ORD-0383,2025-01-25,Smartphone X,Téléphonie,1,288.78,288.78,Bruno Dubois,Hauts-de-France,CLT-271
ORD-0384,2024-07-27,Sac à dos,Accessoires,5,51.32,256.6,Bruno Dubois,Auvergne-Rhône-Alpes,CLT-088
ORD-0385,2024-08-05,"Portable 15""",Ordinateurs,5,406.94,2034.7,Clara Moreau,Occitanie,CLT-163
ORD-0386,2025-01-20,Cartouche d'encre,Fournitures,4,314.4,1257.6,David Leroy,Auvergne-Rhône-Alpes,CLT-066
ORD-0387,2024-12-30,Souris gamer,Accessoires,4,484.19,1936.76,Alice Martin,Nouvelle-Aquitaine,CLT-221
ORD-0388,2025-02-24,Sac à dos,Accessoires,2,497.45,994.9,David Leroy,Hauts-de-France,CLT-184
ORD-0389,2025-03-22,Sac à dos,Accessoires,2,340.79,681.58,Alice Martin,Île-de-France,CLT-012
ORD-0390,2024-09-02,Cartouche d'encre,Fournitures,4,68.36,273.44,David Leroy,Île-de-France,CLT-204
ORD-0391,2025-02-27,"Portable 15""",Ordinateurs,1,179.61,179.61,Emma Petit,Hauts-de-France,CLT-190
ORD-0392,2024-07-27,Clavier mécanique,Accessoires,4,161.08,644.32,Bruno Dubois,Hauts-de-France,CLT-278
ORD-0393,2025-03-10,Clavier mécanique,Accessoires,1,359.33,359.33,Alice Martin,Nouvelle-Aquitaine,CLT-169
ORD-0394,2024-10-11,"Tablette 10""",Téléphonie,3,66.86,200.58,Emma Petit,Hauts-de-France,CLT-263
ORD-0395,2024-09-02,"Tablette 10""",Téléphonie,1,278.92,278.92,David Leroy,Occitanie,CLT-059
ORD-0396,2025-01-21,"Portable 15""",Ordinateurs,1,349.18,349.18,Emma Petit,Nouvelle-Aquitaine,CLT-005
ORD-0397,2025-06-27,Casque audio,Audio,5,208.85,1044.25,Emma Petit,Nouvelle-Aquitaine,CLT-088
ORD-0398,2025-01-25,Clavier mécanique,Accessoires,3,205.64,616.92,Bruno Dubois,Occitanie,CLT-020
ORD-0399,2025-06-04,Cartouche d'encre,Fournitures,2,197.42,394.84,Bruno Dubois,Hauts-de-France,CLT-038
ORD-0400,2025-04-26,"Tablette 10""",Téléphonie,3,272.1,816.3,Alice Martin,Occitanie,CLT-147
ORD-0401,2024-10-20,"Écran 24""",Écrans,4,198.09,792.36,Bruno Dubois,Île-de-France,CLT-153
ORD-0402,2024-10-10,"Tablette 10""",Téléphonie,5,106.92,534.6,Emma Petit,Occitanie,CLT-090
ORD-0403,2025-06-14,Smartphone X,Téléphonie,4,139.27,557.08,Bruno Dubois,Île-de-France,CLT-054
ORD-0404,2024-09-25,Sac à dos,Accessoires,4,276.36,1105.44,Clara Moreau,Nouvelle-Aquitaine,CLT-068
ORD-0405,2025-02-24,"Écran 24""",Écrans,2,162.02,324.04,Clara Moreau,Nouvelle-Aquitaine,CLT-033
ORD-0406,2025-03-20,Souris gamer,Accessoires,1,186.74,186.74,Alice Martin,Occitanie,CLT-157
ORD-0407,2024-11-07,Cartouche d'encre,Fournitures,1,258.91,258.91,Alice Martin,Nouvelle-Aquitaine,CLT-129
ORD-0408,2024-08-10,Webcam HD,Accessoires,5,94.23,471.15,Clara Moreau,Nouvelle-Aquitaine,CLT-207
ORD-0409,2024-10-11,Webcam HD,Accessoires,2,496.3,992.6,Clara Moreau,Île-de-France,CLT-082
ORD-0410,2025-01-17,Clavier mécanique,Accessoires,2,214.78,429.56,David Leroy,Nouvelle-Aquitaine,CLT-218
ORD-0411,2024-08-26,Casque audio,Audio,5,310.83,1554.15,Bruno Dubois,Occitanie,CLT-226
ORD-0412,2024-10-28,Webcam HD,Accessoires,4,177.93,711.72,Emma Petit,Auvergne-Rhône-Alpes,CLT-021
ORD-0413,2025-01-16,"Écran 24""",Écrans,1,24.42,24.42,Emma Petit,Auvergne-Rhône-Alpes,CLT-030
ORD-0414,2025-05-06,Clavier mécanique,Accessoires,4,417.5,1670.0,David Leroy,Hauts-de-France,CLT-265
ORD-0415,2024-09-13,Souris gamer,Accessoires,4,125.43,501.72,Emma Petit,Occitanie,CLT-174
ORD-0416,2024-09-17,Souris gamer,Accessoires,3,164.54,493.62,Emma Petit,Auvergne-Rhône-Alpes,CLT-262
ORD-0417,2025-03-11,Cartouche d'encre,Fournitures,3,42.03,126.09,Emma Petit,Nouvelle-Aquitaine,CLT-177
ORD-0418,2025-04-11,"Tablette 10""",Téléphonie,2,131.29,262.58,David Leroy,Hauts-de-France,CLT-207
ORD-0419,2024-09-26,"Écran 24""",Écrans,5,459.72,2298.6,Bruno Dubois,Occitanie,CLT-146
ORD-0420,2024-11-05,Clavier mécanique,Accessoires,3,300.8,902.4,Alice Martin,Occitanie,CLT-114
ORD-0421,2025-01-21,Cartouche d'encre,Fournitures,4,203.6,814.4,Bruno Dubois,Nouvelle-Aquitaine,CLT-098
ORD-0422,2025-03-12,Webcam HD,Accessoires,5,487.81,2439.05,Emma Petit,Île-de-France,CLT-085
ORD-0423,2024-11-20,Clavier mécanique,Accessoires,4,38.2,152.8,Bruno Dubois,Île-de-France,CLT-127
ORD-0424,2024-12-22,Sac à dos,Accessoires,1,476.86,476.86,Alice Martin,Auvergne-Rhône-Alpes,CLT-272
ORD-0425,2024-08-09,"Portable 15""",Ordinateurs,1,56.32,56.32,Clara Moreau,Occitanie,CLT-156
ORD-0426,2025-04-21,Cartouche d'encre,Fournitures,4,172.66,690.64,Emma Petit,Hauts-de-France,CLT-098
ORD-0427,2025-05-22,"Tablette 10""",Téléphonie,1,396.85,396.85,Clara Moreau,Île-de-France,CLT-267
ORD-0428,2025-07-15,Smartphone X,Téléphonie,2,379.15,758.3,David Leroy,Île-de-France,CLT-074
ORD-0429,2025-05-09,Souris gamer,Accessoires,4,238.56,954.24,Clara Moreau,Nouvelle-Aquitaine,CLT-133
ORD-0430,2025-03-06,Casque audio,Audio,4,486.22,1944.88,Bruno Dubois,Nouvelle-Aquitaine,CLT-260
ORD-0431,2025-03-04,Sac à dos,Accessoires,4,384.98,1539.92,Clara Moreau,Auvergne-Rhône-Alpes,CLT-176
ORD-0432,2025-02-10,"Tablette 10""",Téléphonie,5,61.56,307.8,Clara Moreau,Nouvelle-Aquitaine,CLT-118
ORD-0433,2025-05-28,"Écran 24""",Écrans,5,436.89,2184.45,Emma Petit,Occitanie,CLT-291
ORD-0434,2025-05-29,Sac à dos,Accessoires,2,421.45,842.9,Bruno Dubois,Île-de-France,CLT-230
ORD-0435,2025-06-09,Souris gamer,Accessoires,2,290.46,580.92,Clara Moreau,Nouvelle-Aquitaine,CLT-235
ORD-0436,2024-10-13,Webcam HD,Accessoires,3,250.72,752.16,Emma Petit,Hauts-de-France,CLT-032
ORD-0437,2025-05-18,Clavier mécanique,Accessoires,1,65.29,65.29,Bruno Dubois,Île-de-France,CLT-035
ORD-0438,2025-06-23,Cartouche d'encre,Fournitures,2,398.33,796.66,Emma Petit,Occitanie,CLT-044
ORD-0439,2024-09-12,Cartouche d'encre,Fournitures,4,355.92,1423.68,Emma Petit,Auvergne-Rhône-Alpes,CLT-044
ORD-0440,2024-08-30,"Portable 15""",Ordinateurs,2,455.94,911.88,David Leroy,Nouvelle-Aquitaine,CLT-030
ORD-0441,2025-07-13,"Tablette 10""",Téléphonie,2,484.74,969.48,Alice Martin,Nouvelle-Aquitaine,CLT-268
ORD-0442,2024-10-16,Cartouche d'encre,Fournitures,1,109.15,109.15,Alice Martin,Nouvelle-Aquitaine,CLT-108
ORD-0443,2025-03-27,Smartphone X,Téléphonie,2,300.41,600.82,David Leroy,Nouvelle-Aquitaine,CLT-231
ORD-0444,2025-06-21,Cartouche d'encre,Fournitures,1,483.97,483.97,Bruno Dubois,Hauts-de-France,CLT-151
ORD-0445,2024-08-17,Souris gamer,Accessoires,2,496.12,992.24,David Leroy,Île-de-France,CLT-293
ORD-0446,2025-01-10,Cartouche d'encre,Fournitures,5,295.38,1476.9,David Leroy,Île-de-France,CLT-184
ORD-0447,2024-09-16,Clavier mécanique,Accessoires,5,148.08,740.4,Alice Martin,Île-de-France,CLT-145
ORD-0448,2024-09-18,"Portable 15""",Ordinateurs,5,390.36,1951.8,Alice Martin,Auvergne-Rhône-Alpes,CLT-018
ORD-0449,2024-08-05,"Portable 15""",Ordinateurs,3,224.78,674.34,David Leroy,Occitanie,CLT-060
ORD-0450,2024-10-13,Souris gamer,Accessoires,5,129.7,648.5,Alice Martin,Auvergne-Rhône-Alpes,CLT-165
ORD-0451,2024-12-08,"Écran 24""",Écrans,3,338.5,1015.5,Emma Petit,Occitanie,CLT-164
ORD-0452,2025-06-06,"Portable 15""",Ordinateurs,1,243.36,243.36,Bruno Dubois,Nouvelle-Aquitaine,CLT-187
ORD-0453,2024-12-15,Souris gamer,Accessoires,1,489.52,489.52,Alice Martin,Nouvelle-Aquitaine,CLT-263
ORD-0454,2025-02-09,Casque audio,Audio,4,462.63,1850.52,Emma Petit,Nouvelle-Aquitaine,CLT-264
ORD-0455,2024-08-16,Clavier mécanique,Accessoires,5,204.43,1022.15,Bruno Dubois,Île-de-France,CLT-012
ORD-0456,2025-03-27,Webcam HD,Accessoires,2,468.97,937.94,Emma Petit,Occitanie,CLT-213
ORD-0457,2024-08-27,"Écran 24""",Écrans,1,399.78,399.78,Clara Moreau,Auvergne-Rhône-Alpes,CLT-147
ORD-0458,2024-12-15,Casque audio,Audio,2,495.41,990.82,Clara Moreau,Occitanie,CLT-022
ORD-0459,2025-07-06,Sac à dos,Accessoires,2,370.73,741.46,Alice Martin,Auvergne-Rhône-Alpes,CLT-217
ORD-0460,2024-08-15,"Écran 24""",Écrans,5,26.79,133.95,Clara Moreau,Auvergne-Rhône-Alpes,CLT-190
ORD-0461,2025-01-08,Sac à dos,Accessoires,2,495.41,990.82,Clara Moreau,Hauts-de-France,CLT-174
ORD-0462,2025-03-09,"Portable 15""",Ordinateurs,1,116.62,116.62,Emma Petit,Occitanie,CLT-293
ORD-0463,2024-07-31,Souris gamer,Accessoires,4,256.55,1026.2,Alice Martin,Île-de-France,CLT-031
ORD-0464,2024-10-16,Souris gamer,Accessoires,3,360.5,1081.5,Bruno Dubois,Nouvelle-Aquitaine,CLT-004
ORD-0465,2025-02-18,"Écran 24""",Écrans,2,447.86,895.72,Alice Martin,Auvergne-Rhône-Alpes,CLT-263
ORD-0466,2025-02-15,Smartphone X,Téléphonie,4,149.14,596.56,David Leroy,Occitanie,CLT-069
ORD-0467,2024-10-25,"Portable 15""",Ordinateurs,4,410.41,1641.64,Alice Martin,Auvergne-Rhône-Alpes,CLT-165
ORD-0468,2024-08-08,Souris gamer,Accessoires,3,446.89,1340.67,Alice Martin,Occitanie,CLT-044
ORD-0469,2025-05-15,Clavier mécanique,Accessoires,5,187.54,937.7,Alice Martin,Île-de-France,CLT-142
ORD-0470,2025-01-09,Clavier mécanique,Accessoires,4,135.1,540.4,Clara Moreau,Nouvelle-Aquitaine,CLT-047
ORD-0471,2025-01-31,Cartouche d'encre,Fournitures,3,491.12,1473.36,Clara Moreau,Nouvelle-Aquitaine,CLT-032
ORD-0472,2025-05-08,"Portable 15""",Ordinateurs,2,338.55,677.1,Clara Moreau,Île-de-France,CLT-229
ORD-0473,2024-12-26,Webcam HD,Accessoires,5,112.65,563.25,Emma Petit,Île-de-France,CLT-204
ORD-0474,2025-03-01,Webcam HD,Accessoires,5,419.5,2097.5,Alice Martin,Auvergne-Rhône-Alpes,CLT-150
ORD-0475,2024-11-05,Smartphone X,Téléphonie,4,131.35,525.4,Alice Martin,Auvergne-Rhône-Alpes,CLT-285
ORD-0476,2025-05-31,Smartphone X,Téléphonie,1,52.46,52.46,David Leroy,Île-de-France,CLT-010
ORD-0477,2025-03-22,Sac à dos,Accessoires,3,381.17,1143.51,David Leroy,Hauts-de-France,CLT-053
ORD-0478,2025-04-07,"Tablette 10""",Téléphonie,4,356.84,1427.36,David Leroy,Auvergne-Rhône-Alpes,CLT-081
ORD-0479,2024-12-15,Casque audio,Audio,1,282.28,282.28,David Leroy,Hauts-de-France,CLT-206
ORD-0480,2024-08-27,Smartphone X,Téléphonie,1,57.57,57.57,Emma Petit,Occitanie,CLT-111
ORD-0481,2025-04-15,"Écran 24""",Écrans,5,41.39,206.95,David Leroy,Hauts-de-France,CLT-127
ORD-0482,2025-04-23,Souris gamer,Accessoires,5,407.56,2037.8,David Leroy,Île-de-France,CLT-257
ORD-0483,2025-06-24,"Écran 24""",Écrans,5,306.45,1532.25,David Leroy,Hauts-de-France,CLT-263
ORD-0484,2025-05-24,"Écran 24""",Écrans,1,213.64,213.64,Emma Petit,Occitanie,CLT-173
ORD-0485,2025-02-08,"Tablette 10""",Téléphonie,1,136.2,136.2,Clara Moreau,Nouvelle-Aquitaine,CLT-180
ORD-0486,2025-02-05,Casque audio,Audio,4,115.42,461.68,Emma Petit,Auvergne-Rhône-Alpes,CLT-009
ORD-0487,2024-11-25,"Portable 15""",Ordinateurs,5,236.49,1182.45,Bruno Dubois,Hauts-de-France,CLT-252
ORD-0488,2025-04-27,Souris gamer,Accessoires,4,441.89,1767.56,Clara Moreau,Hauts-de-France,CLT-094
ORD-0489,2025-06-10,"Écran 24""",Écrans,2,86.44,172.88,Alice Martin,Île-de-France,CLT-014
ORD-0490,2024-11-30,"Tablette 10""",Téléphonie,3,153.35,460.05,Bruno Dubois,Hauts-de-France,CLT-091
ORD-0491,2025-07-08,Clavier mécanique,Accessoires,4,357.66,1430.64,Emma Petit,Île-de-France,CLT-187
ORD-0492,2025-03-04,Souris gamer,Accessoires,4,475.71,1902.84,Bruno Dubois,Nouvelle-Aquitaine,CLT-039
ORD-0493,2025-03-03,Sac à dos,Accessoires,4,115.1,460.4,Emma Petit,Hauts-de-France,CLT-242
ORD-0494,2024-11-17,Sac à dos,Accessoires,3,382.98,1148.94,Clara Moreau,Auvergne-Rhône-Alpes,CLT-009
ORD-0495,2025-07-23,Casque audio,Audio,3,47.04,141.12,Clara Moreau,Nouvelle-Aquitaine,CLT-159
ORD-0496,2025-02-04,Souris gamer,Accessoires,2,324.45,648.9,Bruno Dubois,Nouvelle-Aquitaine,CLT-258
ORD-0497,2025-06-23,Souris gamer,Accessoires,5,53.85,269.25,Emma Petit,Hauts-de-France,CLT-077
ORD-0498,2024-12-02,Smartphone X,Téléphonie,2,144.47,288.94,Alice Martin,Île-de-France,CLT-157
ORD-0499,2024-07-26,Webcam HD,Accessoires,1,67.09,67.09,David Leroy,Auvergne-Rhône-Alpes,CLT-250
ORD-0500,2024-09-21,Sac à dos,Accessoires,5,375.36,1876.8,Alice Martin,Occitanie,CLT-112
